"Residue","Morph_pvalue","Timepoint_pvalue","Sex_pvalue","MorphXTimepoint_pvalue","MorphXSex_pvalue","TimepointXSex_pvalue","chrom","start","temp","NW","NCBI","Morph_pvalue_corrected","Timepoint_pvalue_corrected","Sex_pvalue_corrected","MorphXTimepoint_pvalue_corrected","MorphXSex_pvalue_corrected"
"chr036838.1_9773137",9.1931776785834e-07,0.000389907423261243,0.459525866185997,4.00034280883181e-05,0.10706887078502,0.202660943148337,"chr036838.1",9773137,36838.1,"NC_","NC_036838.1",0.0132629974368923,1,1,0.577129457030165,1
"chr036838.1_10407069",6.96104948235371e-07,0.810156914100589,0.842648857094829,0.782261701899341,0.685048755556181,0.744536209899871,"chr036838.1",10407069,36838.1,"NC_","NC_036838.1",0.0100427060881917,1,1,1,1
"chr036838.1_19998786",3.40405629895245e-10,5.54786563091454e-18,0.5619865394951,0.106920471535955,5.12612875547361e-05,0.458250293145329,"chr036838.1",19998786,36838.1,"NC_","NC_036838.1",4.9110320224987e-06,8.00390574572041e-14,1,1,0.739546595552178
"chr036838.1_19998855",2.14658329965726e-06,9.53835696693996e-13,0.706084143804998,0.370901280982697,0.71698292383946,0.18248591889779,"chr036838.1",19998855,36838.1,"NC_","NC_036838.1",0.0309687572641553,1.37609875962043e-08,1,1,1
"chr036838.1_25187093",4.3152290786712e-09,0.170638229437738,0.0163330133012863,0.00402251299303964,0.611339623489213,0.0014285396670508,"chr036838.1",25187093,36838.1,"NC_","NC_036838.1",6.22558099179895e-05,1,1,1,1
"chr036838.1_35298541",2.63959105077289e-10,0.964462068548735,0.275046828454152,0.00503794744973262,0.109426556502683,0.000369002132207669,"chr036838.1",35298541,36838.1,"NC_","NC_036838.1",3.80813800895006e-06,1,1,1,1
"chr036838.1_44793155",3.84861854670853e-08,0.435438955475832,0.662750954367997,0.00195635930747054,0.000979566890264472,0.969203354087132,"chr036838.1",44793155,36838.1,"NC_","NC_036838.1",0.00055524019773364,1,1,1,1
"chr036838.1_48808279",1.1997148569877e-10,1.99096471794367e-17,0.783184568265398,0.0588485069226764,0.0314761891902195,0.00243140197246078,"chr036838.1",48808279,36838.1,"NC_","NC_036838.1",1.73082862417616e-06,2.87236479857733e-13,1,1,1
"chr036838.1_48808374",1.52271727244827e-08,3.40794639868732e-09,0.544043599999182,0.554440117578986,0.00243068674112396,0.00206513358549288,"chr036838.1",48808374,36838.1,"NC_","NC_036838.1",0.000219682420896111,4.9166442693862e-05,1,1,1
"chr036839.1_9822056",3.25722475303387e-07,0.0583449629821209,0.984754084424586,0.334681710346612,0.273631252980891,0.0718485757645636,"chr036839.1",9822056,36839.1,"NC_","NC_036839.1",0.00469919815120196,1,1,1,1
"chr036839.1_22456008",1.12524195399596e-06,0.0115908292422598,0.883263103881012,0.944895369105583,0.813166973595405,0.00296981171471968,"chr036839.1",22456008,36839.1,"NC_","NC_036839.1",0.0162338656702997,1,1,1,1
"chr036839.1_27110704",3.86669769855128e-08,0.0223607506194868,0.933989387899047,0.0335888111697088,0.00453510265580757,0.832442220042271,"chr036839.1",27110704,36839.1,"NC_","NC_036839.1",0.000557848476969993,1,1,1,1
"chr036839.1_27110732",1.71465048553357e-12,0.799625425264811,0.954751789155159,0.101893554358288,0.0911126750278441,0.920105914336524,"chr036839.1",27110732,36839.1,"NC_","NC_036839.1",2.47372625547928e-08,1,1,1,1
"chr036839.1_27110752",2.2102241840312e-08,0.228456379147599,0.93921830390578,0.325112985143446,0.352743358017365,0.821025569969302,"chr036839.1",27110752,36839.1,"NC_","NC_036839.1",0.000318869043030181,1,1,1,1
"chr036839.1_27110843",3.58011722413875e-07,0.0185675613660852,0.0581806721318216,5.57846002145328e-05,0.750465673216349,0.163247073782202,"chr036839.1",27110843,36839.1,"NC_","NC_036839.1",0.00516503511926498,1,1,0.804804427295065,1
"chr036839.1_32820646",2.08988326048797e-11,0.00564826757139638,0.4859440665197,0.47385733512388,0.157960509573841,0.0863926756106581,"chr036839.1",32820646,36839.1,"NC_","NC_036839.1",3.015074579906e-07,1,1,1,1
"chr036839.1_32820663",1.23810715297069e-06,0.214294630867024,0.973248263326784,0.493601856287931,0.424468172005299,0.84039037443522,"chr036839.1",32820663,36839.1,"NC_","NC_036839.1",0.0178621718959081,1,1,1,1
"chr036839.1_32820674",6.32931919169087e-15,0.0174322913674272,0.570561894833458,0.501346931316014,0.130359988024177,0.438753864532771,"chr036839.1",32820674,36839.1,"NC_","NC_036839.1",9.13130879785242e-11,1,1,1,1
"chr036839.1_32820684",1.52601692063737e-21,0.000760783061643827,0.71550269041347,0.00134849899724414,0.243268559130602,0.154986277127579,"chr036839.1",32820684,36839.1,"NC_","NC_036839.1",2.20158461140353e-17,1,1,1,1
"chr036839.1_32820760",3.1734702417627e-09,0.0111008070881409,0.602885639831239,0.084137981003985,0.275844164036354,0.124325186460033,"chr036839.1",32820760,36839.1,"NC_","NC_036839.1",4.57836551779104e-05,1,1,1,1
"chr036840.1_22559325",8.83458485242405e-10,1.06314362440363e-05,0.121630398727977,0.214812661008702,0.578978502524573,0.062704951621752,"chr036840.1",22559325,36840.1,"NC_","NC_036840.1",1.27456555665922e-05,0.153379730692712,1,1,1
"chr036840.1_32247440",1.11108193625165e-09,0.00273969257538997,0.000730996762332427,1.42173646784101e-05,0.0186524369319939,0.0555581342591354,"chr036840.1",32247440,36840.1,"NC_","NC_036840.1",1.60295790943025e-05,1,1,0.205113920215422,1
"chr036840.1_32247573",1.46249281058261e-11,0.00011809248384754,4.84790467859253e-10,0.00640807718685615,0.484673060720875,8.3980978741076e-09,"chr036840.1",32247573,36840.1,"NC_","NC_036840.1",2.10993837782753e-07,1,6.99407207980544e-06,1,1
"chr036841.1_12406734",2.37091066722585e-08,0.00227009479546633,0.468584920457866,0.230517869727762,0.955857988839619,0.707540619275832,"chr036841.1",12406734,36841.1,"NC_","NC_036841.1",0.000342051281960673,1,1,1,1
"chr036841.1_12406745",6.47772234920506e-24,0.000220057186413066,0.256862357411273,0.124496823794528,0.912657950104256,0.00570273390391332,"chr036841.1",12406745,36841.1,"NC_","NC_036841.1",9.34541003319815e-20,1,1,1,1
"chr036841.1_12406752",3.83435547279018e-09,0.000275568632392899,0.972370707550499,0.514725724794505,0.595288813346954,0.241731805353619,"chr036841.1",12406752,36841.1,"NC_","NC_036841.1",5.53182464059439e-05,1,1,1,1
"chr036841.1_12406753",2.38513254569993e-09,0.067036714394837,0.481705481360708,0.534825165350646,0.805935695865315,0.895715778435234,"chr036841.1",12406753,36841.1,"NC_","NC_036841.1",3.44103072368129e-05,1,1,1,1
"chr036841.1_12406755",1.89532736441463e-10,0.0316669048933124,0.490753263562956,0.925215115158181,0.325452125311311,0.712325744703722,"chr036841.1",12406755,36841.1,"NC_","NC_036841.1",2.73438878864098e-06,1,1,1,1
"chr036841.1_12406785",1.65964789663312e-13,0.15978498325102,0.899686561969497,0.268320997048941,0.154764385027359,0.616286668317175,"chr036841.1",12406785,36841.1,"NC_","NC_036841.1",2.3943740204726e-09,1,1,1,1
"chr036841.1_15997824",2.48135340186288e-07,3.08465508596196e-15,0.324722751239922,0.614120106755255,0.540670296277174,0.677337179315034,"chr036841.1",15997824,36841.1,"NC_","NC_036841.1",0.00357984855286758,4.45023189251732e-11,1,1,1
"chr036841.1_15998113",9.46094901156606e-12,0.00727174904591599,0.208286027531251,0.101207697034774,0.147702061179629,0.0813033418984921,"chr036841.1",15998113,36841.1,"NC_","NC_036841.1",1.36493111389863e-07,1,1,1,1
"chr036842.1_634162",9.639476981684e-07,0.0621333665959041,0.0869548617872875,2.03304611670915e-06,0.644827796797629,0.0322013158287987,"chr036842.1",634162,36842.1,"NC_","NC_036842.1",0.0139068734414755,1,1,0.0293307563257629,1
"chr036842.1_53499118",1.55496704374942e-07,5.48999693507624e-55,0.808242771684042,2.35304703343521e-13,0.0771094302745468,0.55005932411028,"chr036842.1",53499118,36842.1,"NC_","NC_036842.1",0.00224335095401729,7.92041857823449e-51,1,3.39474095513698e-09,1
"chr036842.1_53499131",6.78098440862989e-08,3.1529696594492e-53,0.906838353791499,2.8109658430682e-12,0.18289537553614,0.914439542022944,"chr036842.1",53499131,36842.1,"NC_","NC_036842.1",0.000978292620633034,4.54878932768736e-49,1,4.05538042179449e-08,1
"chr036842.1_58173972",5.42784650068287e-11,0.0159509577593897,0.00204108893034638,0.0132831474698601,0.0504602679422532,0.544816279696266,"chr036842.1",58173972,36842.1,"NC_","NC_036842.1",7.83075414653517e-07,1,1,1,1
"chr036842.1_62181989",2.06012877978725e-06,0.457989636924895,0.0125911499490224,0.405004954304392,0.0831652526162473,0.092390412443737,"chr036842.1",62181989,36842.1,"NC_","NC_036842.1",0.0297214779059906,1,1,1,1
"chr036842.1_62932148",1.06377618084077e-13,2.60324596260006e-20,0.0103370084089023,0.00314503020747197,0.00293038786435909,0.390313013731798,"chr036842.1",62932148,36842.1,"NC_","NC_036842.1",1.53470989609898e-09,3.7557029502431e-16,1,1,1
"chr036842.1_62932283",7.39623004671083e-23,3.29561026167666e-24,0.370489619470464,0.0431022339279243,0.468607689618857,0.955443254350069,"chr036842.1",62932283,36842.1,"NC_","NC_036842.1",1.06705410883897e-18,4.75457692452091e-20,1,1,1
"chr036842.1_62932301",2.99422790790318e-13,8.0837009603307e-15,0.236048011675329,0.483975185893551,0.268594897841086,0.404053472472869,"chr036842.1",62932301,36842.1,"NC_","NC_036842.1",4.31977260273192e-09,1.16623553754691e-10,1,1,1
"chr036842.1_77621473",2.62258193042609e-06,0.0393266585076278,0.675953595460947,0.0718877380039448,0.0397540337150748,0.221469784041346,"chr036842.1",77621473,36842.1,"NC_","NC_036842.1",0.0378359895102572,1,1,1,1
"chr036842.1_77621475",1.99968919603501e-06,0.258346400624668,0.720899245344376,0.425074917159062,2.14371317448242e-05,0.571695033806523,"chr036842.1",77621475,36842.1,"NC_","NC_036842.1",0.0288495160311971,1,1,1,0.309273499682579
"chr036842.1_77621492",9.32472077853548e-09,1.46047005401476e-05,0.481293593202114,0.856899633433937,0.362199690987252,0.0637620459848915,"chr036842.1",77621492,36842.1,"NC_","NC_036842.1",0.000134527746671931,0.210702014692709,1,1,1
"chr036842.1_78644887",1.04039343117435e-10,3.38100176366849e-35,0.307701798995817,0.011280768307598,0.00125205701117586,0.362868860931123,"chr036842.1",78644887,36842.1,"NC_","NC_036842.1",1.50097560315524e-06,4.87777124444453e-31,1,1,1
"chr036842.1_80971980",2.27852848236161e-13,0.000394404114705252,0.65491646697217,0.535635640421953,0.443747804361214,0.604727337071776,"chr036842.1",80971980,36842.1,"NC_","NC_036842.1",3.2872330415031e-09,1,1,1,1
"chr036843.1_2527284",2.22414887884977e-07,0.000299931412855601,0.338306791313302,0.266455234597375,0.00707875720520287,0.0179227859005314,"chr036843.1",2527284,36843.1,"NC_","NC_036843.1",0.00320877958751656,1,1,1,1
"chr036843.1_16991786",1.55775836229495e-12,5.90732207603163e-18,0.430935605890381,0.472704416876984,0.0185342604453818,0.0495954264924869,"chr036843.1",16991786,36843.1,"NC_","NC_036843.1",2.24737798928293e-08,8.52249355909083e-14,1,1,1
"chr036844.1_3735173",7.36249256130807e-07,0.461794872529849,0.746183286608298,0.131848833864794,0.00884038647875596,0.566466049576663,"chr036844.1",3735173,36844.1,"NC_","NC_036844.1",0.0106218680181991,1,1,1,1
"chr036844.1_16136638",5.39740762130274e-09,0.000369128641360757,0.0640416492378556,0.0610963977844171,0.000124047219248355,0.7793501335853,"chr036844.1",16136638,36844.1,"NC_","NC_036844.1",7.78683997525347e-05,1,1,1,1
"chr036844.1_33920340",7.91402274969793e-12,0.000637939637165039,0.000148189318175042,0.22178264138654,0.0156307220586015,0.0596464205012282,"chr036844.1",33920340,36844.1,"NC_","NC_036844.1",1.14175606209892e-07,1,1,1,1
"chr036845.1_13191906",1.32461405850312e-07,0.288825734316938,0.0677900056781753,0.227478759438275,0.0965562260652503,0.767514111785853,"chr036845.1",13191906,36845.1,"NC_","NC_036845.1",0.00191102070220245,1,1,1,1
"chr036845.1_22458653",1.20416701561751e-08,1.53369588102976e-07,0.525807389523797,0.13696589960365,0.0186642940406498,0.17612898975881,"chr036845.1",22458653,36845.1,"NC_","NC_036845.1",0.000173725175343138,0.00221266304756164,1,1,1
"chr036847.1_17337315",1.58512586693991e-06,0.0204611050170533,0.319458767766297,2.86575186498724e-05,0.250908108427461,0.487853537147375,"chr036847.1",17337315,36847.1,"NC_","NC_036847.1",0.022868610882342,1,1,0.413442021561709,1
"chr036847.1_19048253",3.39874518390065e-07,8.5527872389551e-20,0.357610121752384,2.69169390985013e-06,0.393416771019251,0.144231705876312,"chr036847.1",19048253,36847.1,"NC_","NC_036847.1",0.00490336967681347,1.23391061496405e-15,1,0.0388330680374078,1
"chr036847.1_19048295",1.11755970358607e-06,0.00119589094303603,0.0193995661762615,0.299909217508408,0.257889179315041,0.000111077111241208,"chr036847.1",19048295,36847.1,"NC_","NC_036847.1",0.0161230338436363,1,1,1,1
"chr036847.1_22524362",2.08714610782927e-06,1.78052448891427e-10,0.835595304110454,0.474622883802343,0.0954311854257751,0.211795430270359,"chr036847.1",22524362,36847.1,"NC_","NC_036847.1",0.0301112568976528,2.56876268015661e-06,1,1,1
"chr036848.1_24222885",8.69360657416478e-11,3.80082630051128e-11,0.0644725836620524,2.5826493926989e-09,0.815004032675904,0.72277447765685,"chr036848.1",24222885,36848.1,"NC_","NC_036848.1",1.25422662045475e-06,5.48345210374763e-07,1,3.7259882788467e-05,1
"chr036849.1_1925202",5.51027574587387e-08,7.16133635867259e-09,0.00314920637687099,1.15894154263201e-07,0.136960407685823,0.713659124916137,"chr036849.1",1925202,36849.1,"NC_","NC_036849.1",0.000794967481857223,0.000103316599646569,1,0.0016720049635552,1
"chr036849.1_4749096",7.12151771331676e-07,0.860519204341784,0.156252434055895,0.28651256584408,0.126946855075906,0.0691501276200472,"chr036849.1",4749096,36849.1,"NC_","NC_036849.1",0.0102742136050021,1,1,1,1
"chr036849.1_10931164",2.7420422414524e-06,1.14557466052752e-42,0.0357463805968416,1.74835213245193e-05,0.133807067745029,0.148664582758606,"chr036849.1",10931164,36849.1,"NC_","NC_036849.1",0.0395594434174337,1.65272056274305e-38,1,0.25223476214884,1
"chr036849.1_11733255",1.18114204006887e-08,1.29898046200202e-16,0.193809883140205,0.169860483000863,0.0325003244163807,0.0661707350308767,"chr036849.1",11733255,36849.1,"NC_","NC_036849.1",0.000170403362120737,1.87403911253032e-12,1,1,1
"chr036849.1_11733283",1.22621186640277e-15,2.76220105113163e-45,0.570142901474269,0.66787235270613,0.00786333567940692,0.0325154551026558,"chr036849.1",11733283,36849.1,"NC_","NC_036849.1",1.76905585965928e-11,3.98502745646761e-41,1,1,1
"chr036849.1_11733321",5.89403711622778e-18,2.49985319941677e-53,0.207922839358921,0.349164010223778,0.00616571355215671,0.103181832990122,"chr036849.1",11733321,36849.1,"NC_","NC_036849.1",8.50332734758182e-14,3.60653821079858e-49,1,1,1
"chr036849.1_11733335",1.27770410893065e-12,3.39725424893411e-44,0.332419917954842,0.287371434500422,0.100181276415478,0.0519221933944331,"chr036849.1",11733335,36849.1,"NC_","NC_036849.1",1.84334371795424e-08,4.90121870493725e-40,1,1,1
"chr036849.1_11733382",2.20955707787413e-09,3.36933100499042e-40,0.607743952105405,0.00296749849907617,0.530125819692262,0.418156826774472,"chr036849.1",11733382,36849.1,"NC_","NC_036849.1",3.18772799624901e-05,4.86093384089968e-36,1,1,1
"chr036849.1_11733417",4.90505364423475e-15,2.88856419224468e-44,0.0118452932158311,0.541598252106065,0.0106276605309609,0.00884481371800769,"chr036849.1",11733417,36849.1,"NC_","NC_036849.1",7.07652089253748e-11,4.1673315601514e-40,1,1,1
"chr036849.1_11733433",5.14447149142793e-14,6.49637079580244e-37,0.0787728214944077,0.057679494425492,0.00964215218011921,0.11623084789162,"chr036849.1",11733433,36849.1,"NC_","NC_036849.1",7.42192902068307e-10,9.37231414710418e-33,1,1,1
"chr036849.1_11733445",2.91809129190486e-21,1.45990634966468e-79,0.41768150079899,0.166028938968493,0.00321444613983383,0.00341330691793763,"chr036849.1",11733445,36849.1,"NC_","NC_036849.1",4.20993030683114e-17,2.10620689066123e-75,1,1,1
"chr036849.1_11733468",3.96030111363278e-12,3.41787138378728e-24,0.553957471405344,0.762582967151933,0.00381573692765855,0.0220836507721383,"chr036849.1",11733468,36849.1,"NC_","NC_036849.1",5.71352641663802e-08,4.93096304538991e-20,1,1,1
"chr036849.1_16609738",1.43893027973334e-06,0.00130116297354058,0.323429434249782,0.0319314957412537,7.73356794062242e-07,0.0231634363562041,"chr036849.1",16609738,36849.1,"NC_","NC_036849.1",0.0207594471457129,1,1,1,0.011157218467936
"chr036849.1_19123995",9.63305567685259e-07,0.53770669783185,0.000380033757878638,0.0102815210230343,0.0327685961618033,0.419617941956152,"chr036849.1",19123995,36849.1,"NC_","NC_036849.1",0.0138976094249952,1,1,1,1
"chr036850.1_3939951",3.84543669837601e-10,6.0990811573528e-12,0.720769451775293,0.0703212007799899,0.137547568397986,0.00940277523023027,"chr036850.1",3939951,36850.1,"NC_","NC_036850.1",5.54781152474708e-06,8.79914438571289e-08,1,1,1
"chr036850.1_10005628",1.30816552244562e-09,9.82302196122647e-15,0.136756806746141,0.00826616581937788,0.00414309275845692,0.395021418053884,"chr036850.1",10005628,36850.1,"NC_","NC_036850.1",1.8872903992323e-05,1.41716737834614e-10,1,1,1
"chr036850.1_10005810",1.35765274046923e-08,7.43714660777063e-14,0.30419436009867,0.082003083089353,0.764981656501754,0.906947134694499,"chr036850.1",10005810,36850.1,"NC_","NC_036850.1",0.000195868560867495,1.07295714110307e-09,1,1,1
"chr036851.1_20223565",2.76626142617011e-07,2.49837856624459e-14,0.0794604256790749,0.6711903503715,0.431207577162828,0.713126283631713,"chr036851.1",20223565,36851.1,"NC_","NC_036851.1",0.00399088535953562,3.60441075752106e-10,1,1,1
"chr036851.1_30570281",8.36473354894803e-07,1.98218823283266e-11,0.107891267186386,0.303507922192621,0.0280394141939519,0.770731879930126,"chr036851.1",30570281,36851.1,"NC_","NC_036851.1",0.0120678010910673,2.85970296350767e-07,1,1,1
"chr036851.1_30570411",8.74278694905231e-12,5.48299403270293e-34,0.00169276746563953,0.149559799646143,0.00335715772422405,0.597121874195265,"chr036851.1",30570411,36851.1,"NC_","NC_036851.1",1.26132187313978e-07,7.91031549098052e-30,1,1,1
"chr036851.1_44198765",4.61853376641402e-15,1.20615867387e-06,0.0109337265951877,5.18343220915461e-08,1.58308832434307e-11,0.0939509794997957,"chr036851.1",44198765,36851.1,"NC_","NC_036851.1",6.66315866480551e-11,0.0174012511879224,1,0.000747813764814735,2.28392152552975e-07
"chr036853.1_7883886",5.07044731929664e-07,0.00380233548628516,0.573459893586359,0.0153951095121383,0.000748452415519003,0.958172055069967,"chr036853.1",7883886,36853.1,"NC_","NC_036853.1",0.00731513434754927,1,1,1,1
"chr036853.1_15888191",4.58774062440771e-08,0.0278088697300372,0.731884454073583,2.80289156068474e-05,0.38160801789939,0.00359071169786847,"chr036853.1",15888191,36853.1,"NC_","NC_036853.1",0.0006618733398833,1,1,0.404373165459988,1
"chr036853.1_20819179",5.01129973412147e-34,2.55760087207336e-74,0.973839883849393,0.316847830917684,0.790212647895556,0.198908505975928,"chr036853.1",20819179,36853.1,"NC_","NC_036853.1",7.22980212641705e-30,3.68985077814024e-70,1,1,1
"chr036853.1_20819193",1.03874732932018e-40,2.91738905040832e-94,0.190350393779114,0.0798528288411454,0.891975481735091,0.456775868596992,"chr036853.1",20819193,36853.1,"NC_","NC_036853.1",1.49860077201022e-36,4.20891718302409e-90,1,1,1
"chr036853.1_20819321",6.75515505394158e-15,9.81966119390582e-15,0.0196605140323389,0.191329613453856,0.30814357862955,0.686885926370445,"chr036853.1",20819321,36853.1,"NC_","NC_036853.1",9.74566219632152e-11,1.41668252044479e-10,1,1,1
"chr036853.1_37404526",4.90032532665952e-07,0.419182178764606,0.0284091938064361,0.0211494350820837,0.11605328105974,0.431312425302736,"chr036853.1",37404526,36853.1,"NC_","NC_036853.1",0.00706969934877169,1,1,1,1
"chr036853.1_43638559",9.84522337917784e-08,4.32040999946766e-07,0.968790882768678,0.245248354693092,0.313964465806841,0.179282974235289,"chr036853.1",43638559,36853.1,"NC_","NC_036853.1",0.00142037037691399,0.00623305550623199,1,1,1
"chr036853.1_45581990",1.80648874305606e-11,4.26566176816168e-10,0.498543371920697,0.453268230557866,0.201374989006025,0.808760091174196,"chr036853.1",45581990,36853.1,"NC_","NC_036853.1",2.60622130960698e-07,6.15407023292685e-06,1,1,1
"chr036853.1_50965072",1.98798223493027e-10,2.90956424369072e-55,0.966853468522964,0.0578321522295743,0.241694409594754,0.987405358433822,"chr036853.1",50965072,36853.1,"NC_","NC_036853.1",2.8680619703339e-06,4.1976283343726e-51,1,1,1
"chr036853.1_50965099",2.48033441598818e-14,1.93843462218959e-55,0.790661428289763,0.0646565131136391,0.218367655745773,0.803498133272509,"chr036853.1",50965099,36853.1,"NC_","NC_036853.1",3.57837846194615e-10,2.79657962943292e-51,1,1,1
"chr036853.1_50965107",4.38138984518243e-07,1.03086029974671e-37,0.26473051763663,0.822096203217033,0.114521607488845,0.299783774858274,"chr036853.1",50965107,36853.1,"NC_","NC_036853.1",0.00632103112964469,1.48722215444459e-33,1,1,1
"chr036853.1_50965108",2.15231239254071e-13,1.47686043121863e-49,0.936323410880519,0.269021417687767,0.486972750904177,0.888280455519607,"chr036853.1",50965108,36853.1,"NC_","NC_036853.1",3.10514108871849e-09,2.13066654411912e-45,1,1,1
"chr036853.1_50965122",2.67557653898281e-12,1.01920630882149e-40,0.780496043390988,0.32184272232634,0.350094340252842,0.822932001249805,"chr036853.1",50965122,36853.1,"NC_","NC_036853.1",3.8600542727905e-08,1.47040894173676e-36,1,1,1
"chr036853.1_50965139",2.5589423384837e-08,1.31078482328904e-23,0.754867802720816,0.248184743555297,0.0431250755633134,0.329680507180049,"chr036853.1",50965139,36853.1,"NC_","NC_036853.1",0.000369178611173043,1.89106926455909e-19,1,1,1
"chr036854.1_36694088",3.33805825085364e-06,1.62852452030732e-08,0.53025455394307,0.180064284611998,0.217503000735677,0.105652415889135,"chr036854.1",36694088,36854.1,"NC_","NC_036854.1",0.0481581663850654,0.000234947232544737,1,1,1
"chr036855.1_12513723",1.06404267659337e-07,2.10122129977335e-16,0.343441923029892,0.824019756364325,0.131178667407215,0.0471598329390504,"chr036855.1",12513723,36855.1,"NC_","NC_036855.1",0.00153509436952126,3.03143196918301e-12,1,1,1
"chr036855.1_27937702",5.64976569140296e-08,1.09446916324639e-08,0.241723838757473,0.00145640390853723,8.2696207760076e-05,0.00237198132241378,"chr036855.1",27937702,36855.1,"NC_","NC_036855.1",0.000815091696298705,0.000157899066181557,1,1,1
"chr036855.1_34862623",7.62197646545558e-08,0.364420022643933,0.257872267348646,0.220772260121452,0.0886756697108119,0.0738022035987734,"chr036855.1",34862623,36855.1,"NC_","NC_036855.1",0.00109962254467128,1,1,1,1
"chr036855.1_37994520",6.42208443529317e-07,0.279923808449007,0.81794406576408,0.991940217361809,0.207832200236357,0.0600954235378033,"chr036855.1",37994520,36855.1,"NC_","NC_036855.1",0.00926514121479745,1,1,1,1
"chr036856.1_18032077",2.0895930893883e-17,2.58836007808292e-05,0.0480264623229593,8.16493625352007e-05,0.240588015689033,0.561506192937182,"chr036856.1",18032077,36856.1,"NC_","NC_036856.1",3.01465595006049e-13,0.373422708465023,1,1,1
"chr036856.1_26748611",4.09641376888774e-08,4.07023581996884e-15,0.000989004486613691,0.592828839212657,0.137576077950315,0.459573709507531,"chr036856.1",26748611,36856.1,"NC_","NC_036856.1",0.000590989614437434,5.87212921746904e-11,1,1,1
"chr036856.1_26748621",7.42784396605996e-09,1.27186241974117e-12,0.0594481897164191,0.384847246476093,0.000400519402182562,0.896965902473038,"chr036856.1",26748621,36856.1,"NC_","NC_036856.1",0.000107161504898347,1.83491591296059e-08,1,1,1
"chr036856.1_30771471",1.26228993384923e-06,2.84571742046796e-07,0.156558782886813,0.302732064651285,0.138645719026295,0.431543248620895,"chr036856.1",30771471,36856.1,"NC_","NC_036856.1",0.0182110568756429,0.00410551652250912,1,1,1
"chr036856.1_42526298",2.27419219778137e-06,1.77747833524753e-05,0.346543018387887,3.77845604296745e-06,0.0239425615162675,0.568828532041818,"chr036856.1",42526298,36856.1,"NC_","NC_036856.1",0.0328097708373919,0.256436799426161,1,0.0545117853318913,1
"chr036857.1_6451574",2.78583133452891e-07,2.03110571523538e-11,0.641838114348742,0.0939449330360643,0.251537781538712,0.483423018660723,"chr036857.1",6451574,36857.1,"NC_","NC_036857.1",0.00401911886632486,2.93027621537008e-07,1,1,1
"chr036857.1_18104012",1.957589389334e-07,0.701558246973824,0.680236501057404,0.0352968894521061,0.0939678663750719,0.142035192430232,"chr036857.1",18104012,36857.1,"NC_","NC_036857.1",0.00282421421199215,1,1,1,1
"chr036857.1_23171263",7.33412245832572e-07,0.000577710348268901,0.00444873443111061,0.574537644930727,0.905471057248419,0.528878151893037,"chr036857.1",23171263,36857.1,"NC_","NC_036857.1",0.0105809384706265,1,1,1,1
"chr036857.1_27348737",3.44877880953731e-09,3.93704477693719e-39,0.650742958119998,0.277220770562823,0.00284299470286707,8.47114254320092e-06,"chr036857.1",27348737,36857.1,"NC_","NC_036857.1",4.97555318851948e-05,5.67997449968728e-35,1,1,1
"chr036857.1_38431324",1.14788023771817e-06,9.06399951114457e-07,0.659215280299435,0.542296753107828,0.086453401497435,0.584366602214472,"chr036857.1",38431324,36857.1,"NC_","NC_036857.1",0.0165604681895601,0.0130766320947283,1,1,1
"chr036857.1_38431370",2.34463714656219e-06,1.51815058258828e-06,0.597208455441696,0.850759233091613,0.352757156316683,0.634590393950771,"chr036857.1",38431370,36857.1,"NC_","NC_036857.1",0.0338260801134527,0.0219023584550011,1,1,1
"chr036857.1_38431407",4.15311703748196e-25,2.31229940533652e-20,0.625343211959389,0.0378967907626819,0.00634096069460143,0.964882382316608,"chr036857.1",38431407,36857.1,"NC_","NC_036857.1",5.99170194997522e-21,3.335954352079e-16,1,1,1
"chr036857.1_38431446",2.48194505630816e-12,3.87301490229464e-17,0.635680039004853,0.796179726274736,0.156641955138019,0.407628091285013,"chr036857.1",38431446,36857.1,"NC_","NC_036857.1",3.58070213273578e-08,5.58759859954048e-13,1,1,1
"chr036857.1_39239528",7.08627829022098e-08,5.5419692344482e-06,0.878009127633361,5.68488733984326e-07,0.233820658816513,0.447718013278846,"chr036857.1",39239528,36857.1,"NC_","NC_036857.1",0.00102233736893018,0.0799539901453841,1,0.00820158696519188,1
"chr036857.1_39239534",1.93636817186996e-09,7.14933785075931e-05,0.289317129106319,4.66056967474499e-10,0.437998860404387,0.688232584584535,"chr036857.1",39239534,36857.1,"NC_","NC_036857.1",2.79359836155679e-05,1,1,6.7238038697546e-06,1
"chr036858.1_1082670",2.00193088153453e-08,4.24136892043644e-09,0.774556731350124,0.959992715488566,0.0710832333430014,0.241901707846973,"chr036858.1",1082670,36858.1,"NC_","NC_036858.1",0.000288818568278987,6.11902294151365e-05,1,1,1
"chr036858.1_1082857",7.90140367761625e-09,0.000185534340376796,0.020186396903831,0.0369598330066728,0.952114458668455,0.159232429252705,"chr036858.1",1082857,36858.1,"NC_","NC_036858.1",0.00011399355085697,1,1,1,1
"chr036858.1_13819835",4.7709467053176e-07,3.21901590277459e-06,0.0815686482603556,0.212498428915521,0.0473207857349169,0.00277384909936933,"chr036858.1",13819835,36858.1,"NC_","NC_036858.1",0.0068830448117617,0.0464407424293289,1,1,1
"chr036858.1_24569846",1.04772093206888e-07,0.0332065592328411,0.0675612253246063,0.0333550145348884,0.257596354086073,0.451630291897009,"chr036858.1",24569846,36858.1,"NC_","NC_036858.1",0.00151154698869577,1,1,1,1
"chr036858.1_25995604",3.79187225533505e-10,4.94322244378459e-05,0.277663025354601,0.150901771972397,1.10635451898464e-08,0.933733049811082,"chr036858.1",25995604,36858.1,"NC_","NC_036858.1",5.47053410277187e-06,0.713158701964803,1,1,0.000159613766453914
"chr036858.1_25995674",2.34186875536487e-07,3.96232526665198e-14,0.154589011547368,0.136748672530245,0.581403083786942,0.403772866736014,"chr036858.1",25995674,36858.1,"NC_","NC_036858.1",0.00337861405336489,5.7164466621988e-10,1,1,1
"chr036858.1_25995718",5.03395710023482e-08,3.52110281240004e-13,0.709455314342888,0.0637867554698533,0.000976122295599233,0.670335298888612,"chr036858.1",25995718,36858.1,"NC_","NC_036858.1",0.000726248990850877,5.07989502744954e-09,1,1,1
"chr036858.1_26219170",2.47339374764647e-07,0.867919341407198,0.0252893288697291,0.19515681359281,0.119513269270829,0.697329378399182,"chr036858.1",26219170,36858.1,"NC_","NC_036858.1",0.00356836515972956,1,1,1,1
"chr036858.1_39718111",4.61348020596734e-11,0.00013332254899495,0.214742612487127,0.0538203812039687,3.03532003055216e-05,0.531775327116106,"chr036858.1",39718111,36858.1,"NC_","NC_036858.1",6.65586789314909e-07,1,1,1,0.437905620807761
"chr036858.1_39718351",3.11217754166508e-07,7.62215507836616e-30,0.0412724770121828,5.56424757195296e-11,0.0795655439666389,0.0350844333824107,"chr036858.1",39718351,36858.1,"NC_","NC_036858.1",0.00448993853936021,1.09964831315589e-25,1,8.02753997205653e-07,1
"chr036858.1_69197090",2.99375873007285e-08,0.796992281658099,0.0418899742343712,0.22888615503781,0.0703566674968086,0.213325525043912,"chr036858.1",69197090,36858.1,"NC_","NC_036858.1",0.000431909571987609,1,1,1,1
"chr036858.1_69987353",9.73621956185387e-09,0.000202441618404532,0.165434133576052,0.00430756695241062,0.00032660024261503,0.0909440201131381,"chr036858.1",69987353,36858.1,"NC_","NC_036858.1",0.000140464439618866,1,1,1,1
"chr036858.1_69987528",7.67512745334319e-07,0.0696600190433905,0.00654223875620036,5.2055121729488e-06,0.00200509497125078,0.0036605568727944,"chr036858.1",69987528,36858.1,"NC_","NC_036858.1",0.0110729063769382,1,1,0.0750999241191324,1
"chr036859.1_48953",3.80531200213144e-07,3.31141337350892e-27,0.353184851886157,0.0281525368559929,0.114887853354338,0.0384872235635615,"chr036859.1",48953,36859.1,"NC_","NC_036859.1",0.00548992362547502,4.77737607396132e-23,1,1,1
"chr036859.1_7264748",8.97180748476569e-08,2.39713827969869e-07,0.00863225877294966,0.00510751647116117,0.723519988639788,0.000133076457812015,"chr036859.1",7264748,36859.1,"NC_","NC_036859.1",0.00129436266582715,0.0034583513961213,1,1,1
"chr036859.1_18412487",7.36805417090526e-09,0.100199414461474,0.0480596544245798,0.393612939657559,0.0542920540361803,0.0693569317138155,"chr036859.1",18412487,36859.1,"NC_","NC_036859.1",0.00010629891752365,1,1,1,1
"chr036859.1_34108102",3.66829812195386e-08,1.99819238443926e-12,0.0177466911648902,0.133120669428817,9.03679515161458e-07,0.0391060573524012,"chr036859.1",34108102,36859.1,"NC_","NC_036859.1",0.000529225370054284,2.88279215303052e-08,1,1,0.0130373843652344
"chr036860.1_17383411",2.74384364092808e-09,1.99405636466466e-09,0.789483323930149,0.635587609968251,0.879204715393064,0.527329637579843,"chr036860.1",17383411,36860.1,"NC_","NC_036860.1",3.95854322076694e-05,2.87682511730171e-05,1,1,1
"chr036860.1_17383591",4.16834831008201e-07,2.38527753234189e-15,0.00577185699782417,0.196417961287522,0.636730719180203,0.246797306420748,"chr036860.1",17383591,36860.1,"NC_","NC_036860.1",0.00601367610695531,3.44123989590964e-11,1,1,1
"chr036860.1_32711480",8.22130231196377e-07,6.25689203933943e-09,0.417239891716456,0.723022236448769,0.454258006725995,0.955631743972655,"chr036860.1",32711480,36860.1,"NC_","NC_036860.1",0.0118608728454701,9.02681814515499e-05,1,1,1
"chr036860.1_41064259",1.02317561547228e-06,0.447925053521131,0.224236373014816,7.27096713397147e-06,0.197636592088757,0.0975205437008084,"chr036860.1",41064259,36860.1,"NC_","NC_036860.1",0.0147613546044186,1,1,0.104898242841806,1
"chr036860.1_60541366",1.2710726203648e-09,5.05473926736555e-16,0.790685426118314,0.344443650861118,0.442889243208591,0.263951803598008,"chr036860.1",60541366,36860.1,"NC_","NC_036860.1",1.83377646940029e-05,7.29247234102828e-12,1,1,1
"chr036861.1_379515",1.85995739120938e-06,0.00191347374925613,0.453988660448168,0.0788500011193061,0.117303335681867,0.125966612077107,"chr036861.1",379515,36861.1,"NC_","NC_036861.1",0.0268336052829778,1,1,1,1
"chr036861.1_1515578",2.01050682501416e-09,3.57756552234278e-06,0.00821443651689618,0.231345627553968,0.00662685221477449,0.00489872935795706,"chr036861.1",1515578,36861.1,"NC_","NC_036861.1",2.90055819644793e-05,0.0516135377908393,1,1,1
"chr036862.1_91404",2.85849238913578e-10,0.262560931591954,0.000663653777752172,0.00190939630731547,0.0374624675450101,0.000701574969055447,"chr036862.1",91404,36862.1,"NC_","NC_036862.1",4.12394696980618e-06,1,1,1,1
"chr036862.1_25301432",7.89092979397691e-07,0.0161542336575032,0.424642246578933,0.00840479925906999,0.0233005115186144,0.393240499526582,"chr036862.1",25301432,36862.1,"NC_","NC_036862.1",0.0113842444137705,1,1,1,1
"chr036862.1_25301467",1.86325860555051e-06,8.53260182047677e-08,0.236084996473474,0.0279566541444482,0.320443290060531,0.330342312076447,"chr036862.1",25301467,36862.1,"NC_","NC_036862.1",0.0268812319022773,0.00123099846464018,1,1,1
"chr036862.1_28681450",3.74157545781773e-07,0.322725784297012,0.305554695954733,0.0187813447157394,0.647753068510404,0.87930519429911,"chr036862.1",28681450,36862.1,"NC_","NC_036862.1",0.00539797091299364,1,1,1,1
"chr036863.1_9691781",6.94448922695674e-12,2.96888925118917e-06,0.337640539897123,0.889064891249201,0.618848297127135,0.83907427176922,"chr036863.1",9691781,36863.1,"NC_","NC_036863.1",1.00188146077305e-07,0.0428321652269061,1,1,1
"chr036863.1_23356444",2.58387662006438e-06,0.00239802507080269,0.0248933984845598,0.0517662883191827,0.00259394076291605,0.926854013293431,"chr036863.1",23356444,36863.1,"NC_","NC_036863.1",0.0372775879976688,1,1,1,1
"chr036863.1_25899357",3.42756995489277e-06,0.292564494510313,0.425626409261921,0.0131707130125958,0.048085317098433,0.886914894410315,"chr036863.1",25899357,36863.1,"NC_","NC_036863.1",0.049449551739238,1,1,1,1
"chr036863.1_44759267",1.08904187573229e-09,3.1244686300812e-21,0.000213961568443362,0.0150416485815844,7.30903648387923e-05,0.541980712965939,"chr036863.1",44759267,36863.1,"NC_","NC_036863.1",1.57116071411898e-05,4.50767089261814e-17,1,1,1
"chr036863.1_46743567",6.48973023629016e-10,1.87235588483259e-09,0.411018183257517,0.141559511594909,0.151244979510005,0.000698042345311144,"chr036863.1",46743567,36863.1,"NC_","NC_036863.1",9.36273381189581e-06,2.70124783504798e-05,1,1,1
"chr036864.1_204498",1.88659041662456e-07,4.68861362662428e-05,0.362435786308382,0.767301349227365,0.849903426398677,0.45908856390208,"chr036864.1",204498,36864.1,"NC_","NC_036864.1",0.00272178399406426,0.676426287913086,1,1,1
"chr036864.1_204511",2.07001539082702e-07,0.00218164259092911,0.00104008110238267,0.0671396461328952,0.386592777448802,0.475666288854259,"chr036864.1",204511,36864.1,"NC_","NC_036864.1",0.00298641120434614,1,1,1,1
"chr036864.1_204619",5.33554751562139e-07,3.1430818210332e-05,0.0947085748862391,0.201137693689224,0.0631280767966623,0.111531146741675,"chr036864.1",204619,36864.1,"NC_","NC_036864.1",0.00769759440078697,0.45345241432046,1,1,1
"chr036865.1_7412286",1.32907616563536e-14,0.00109107817596982,0.114107536837122,0.0169414035458292,0.245936999647605,0.00017169003747901,"chr036865.1",7412286,36865.1,"NC_","NC_036865.1",1.91745818416214e-10,1,1,1,1
"chr036865.1_24650697",3.17199202149756e-08,3.08676987992567e-14,0.551069916805216,0.904013253831751,0.764185973161361,0.72389466602356,"chr036865.1",24650697,36865.1,"NC_","NC_036865.1",0.000457623288941453,4.45328290576877e-10,1,1,1
"chr036866.1_1544055",8.13673275648885e-10,0.000988679530150012,0.0229965223574268,4.47805078051717e-06,5.03291708631424e-13,1.0865334269863e-05,"chr036866.1",1544055,36866.1,"NC_","NC_036866.1",1.17388643477865e-05,1,1,0.0646048386105213,7.26098948042556e-09
"chr036866.1_35656409",2.12939743609316e-07,0.00903226940244105,0.0599331023605294,0.790398916556241,0.747211491968806,0.802336882995269,"chr036866.1",35656409,36866.1,"NC_","NC_036866.1",0.00307208168105161,1,1,1,1
"chr036866.1_35656448",1.05507338235745e-07,0.0432893621372564,0.0987624890628244,0.645385612022545,0.211028453336348,0.913095859761189,"chr036866.1",35656448,36866.1,"NC_","NC_036866.1",0.0015221543687271,1,1,1,1
"chr036866.1_35656485",6.74296398316989e-12,0.63475763711266,0.255640150701125,0.805509189192926,0.273830525206663,0.780985710144848,"chr036866.1",35656485,36866.1,"NC_","NC_036866.1",9.72807413851919e-08,1,1,1,1
"chr036866.1_35656911",2.65128155892166e-07,1.69274037382677e-09,0.827803294404399,7.1833285324864e-05,0.0289170091911878,0.165534225476094,"chr036866.1",35656911,36866.1,"NC_","NC_036866.1",0.00382500390505628,2.44211653731988e-05,1,1,1
"chr036866.1_35657049",5.33667404370571e-07,5.44137067065248e-05,0.0266970316205432,0.245351341483076,0.774798489183221,0.952279138337298,"chr036866.1",35657049,36866.1,"NC_","NC_036866.1",0.00769921964285422,0.785026546655034,1,1,1
"chr036867.1_3596144",3.05982853449975e-11,0.384697840105716,0.952911063463282,0.140084271834145,0.0717311064274255,0.892660758571113,"chr036867.1",3596144,36867.1,"NC_","NC_036867.1",4.41441462672279e-07,1,1,1,1
"chr036867.1_9316811",3.82210890873533e-07,3.40841225009667e-10,0.446177174611345,2.09054149655383e-06,0.044172825139533,0.0957281569033123,"chr036867.1",9316811,36867.1,"NC_","NC_036867.1",0.00551415652263245,4.91731635321447e-06,1,0.0301602421707822,1
"chr036867.1_9316856",9.03678847587068e-10,2.26771343131308e-07,0.987961408895083,0.0067612514397789,0.278202530698109,0.0815906659549435,"chr036867.1",9316856,36867.1,"NC_","NC_036867.1",1.30373747341386e-05,0.00327163016735538,1,1,1
"chr036867.1_9317018",7.14014229831116e-08,9.33978057959797e-05,0.0059349639974692,0.0518153689272184,0.113064140866919,3.65666517497765e-08,"chr036867.1",9317018,36867.1,"NC_","NC_036867.1",0.00103010832937735,1,1,1,1
"chr036867.1_26500685",2.73765945807711e-08,1.95206530137269e-06,0.176462002872399,0.350544994480753,0.258596469005677,0.563981728994822,"chr036867.1",26500685,36867.1,"NC_","NC_036867.1",0.000394962130016785,0.0281624461029039,1,1,1
"chr036867.1_27912741",4.43637843531668e-07,1.32159909312233e-09,0.0522364476147902,0.171487826138859,0.729117003384396,2.68957608526454e-05,"chr036867.1",27912741,36867.1,"NC_","NC_036867.1",0.00640036316863138,1.90667101164759e-05,1,1,1
"chr036867.1_36237367",2.55803504165748e-11,0.0413140247247721,0.265523811027649,0.952670067741463,0.146597127990252,0.21334591078004,"chr036867.1",36237367,36867.1,"NC_","NC_036867.1",3.69047715459924e-07,1,1,1,1
"chr036868.1_18078371",1.54523364102264e-13,1.96247199736037e-14,0.223873477143645,0.700748522312811,0.817173070502641,0.187724428486299,"chr036868.1",18078371,36868.1,"NC_","NC_036868.1",2.22930857390336e-09,2.83125835059181e-10,1,1,1
"chr036868.1_25026336",4.31569451757926e-08,4.13431896767786e-12,0.873129734982485,0.00473869097643323,0.356169677067987,0.604958602903459,"chr036868.1",25026336,36868.1,"NC_","NC_036868.1",0.000622625248051159,5.96458197466885e-08,1,1,1
"chr036868.1_25026360",5.37891398082233e-13,2.16627064524311e-18,0.0163216763379342,0.566481626498627,0.000125031198468673,0.293539358274389,"chr036868.1",25026360,36868.1,"NC_","NC_036868.1",7.76015920013238e-09,3.12527865989223e-14,1,1,1
"chr036869.1_24694587",8.85629832839848e-11,8.58081093920404e-09,0.667789608140376,0.905834079226467,0.92967087856028,0.429414005821127,"chr036869.1",24694587,36869.1,"NC_","NC_036869.1",1.27769815983805e-06,0.000123795359419897,1,1,1
"chr036870.1_19671577",2.25422714790519e-07,1.850779988404e-12,0.127510452955252,0.841933049315893,0.0663602651196068,0.399553386342497,"chr036870.1",19671577,36870.1,"NC_","NC_036870.1",0.00325217350628282,2.67012028927045e-08,1,1,1
"chr036871.1_9320253",2.18031556650785e-06,3.38560738613558e-26,0.382790368056111,0.811992077581415,0.829013466612999,0.105636423934027,"chr036871.1",9320253,36871.1,"NC_","NC_036871.1",0.0314554126780088,4.88441577597779e-22,1,1,1
"chr036871.1_28086347",3.91633117463848e-08,1.28675662362718e-06,0.336116398950566,0.35802044176138,0.0657411683515992,0.388053573626225,"chr036871.1",28086347,36871.1,"NC_","NC_036871.1",0.000565009098565093,0.0185640378090693,1,1,1
"chr036872.1_21594320",9.13330072228221e-08,4.06334337094123e-11,0.00417923934056338,3.38041826638454e-05,0.0350831277462844,0.376491984254186,"chr036872.1",21594320,36872.1,"NC_","NC_036872.1",0.00131766129520365,5.86218548125692e-07,1,0.487692943291298,1
"chr036872.1_32455725",2.84852588124894e-09,0.00137559301591938,0.875351935287707,1.56200804542009e-10,0.0576853463510228,0.0613769822364256,"chr036872.1",32455725,36872.1,"NC_","NC_036872.1",4.10956828887784e-05,1,1,2.25350900712756e-06,1
"chr036872.1_32455778",1.70986584645599e-06,0.00936764230464617,0.149064397267193,0.000968202199463589,0.132661935843324,0.0149257493518737,"chr036872.1",32455778,36872.1,"NC_","NC_036872.1",0.0246682345668205,1,1,1,1
"chr036874.1_559340",2.42729702701772e-11,3.50482062343734e-05,0.274264877309567,0.919125516404794,0.892975111039726,0.704504554151948,"chr036874.1",559340,36874.1,"NC_","NC_036874.1",3.50186142087846e-07,0.505640471343306,1,1,1
"chr036874.1_2385115",1.76979166492111e-15,8.13252577977555e-05,0.00078373267491019,6.4484640012802e-05,0.000292034968986197,0.869458581942428,"chr036874.1",2385115,36874.1,"NC_","NC_036874.1",2.55327843498168e-11,1,1,0.930319901464694,1
"chr036875.1_5374644",2.46041332263067e-07,0.000216917561714214,0.3709441432452,0.00648266317245574,0.0013076098373108,0.0438363796286875,"chr036875.1",5374644,36875.1,"NC_","NC_036875.1",0.00354963830055927,1,1,1,1
"chr036875.1_18374585",2.45721533867909e-11,4.10414041666141e-07,0.695414985017198,6.16220290917724e-15,0.0659586689614419,0.464856691302896,"chr036875.1",18374585,36875.1,"NC_","NC_036875.1",3.54502456911232e-07,0.00592104337911741,1,8.89021013707001e-11,1
"chr036875.1_30511854",5.64603783560715e-08,3.2918209565276e-05,0.338164243125567,0.852588869391648,0.424886016712638,0.178135955780306,"chr036875.1",30511854,36875.1,"NC_","NC_036875.1",0.000814553878543043,0.474911009398238,1,1,1
"chr036875.1_33926592",2.08262483648359e-06,1.29417513576975e-14,0.538327311373699,0.545792653433414,0.526356008108002,0.774669973945772,"chr036875.1",33926592,36875.1,"NC_","NC_036875.1",0.0300460285159487,1.86710646837502e-10,1,1,1
"chr036875.1_33926598",1.12738680133705e-06,1.03662451936204e-07,0.0495399080684718,0.209710684513031,0.0136046084158411,0.939650810896172,"chr036875.1",33926598,36875.1,"NC_","NC_036875.1",0.0162648093828896,0.00149553819408362,1,1,1
"chr036875.1_33926801",3.55481885675307e-07,8.29539396461098e-11,0.07943730584448,0.483563191294679,0.235366279028046,0.105870806743465,"chr036875.1",33926801,36875.1,"NC_","NC_036875.1",0.00512853716463765,1.19677648727443e-06,1,1,1
"chr036875.1_39898387",7.24763721660572e-10,7.6620231378196e-10,0.0111845014749897,0.862150553883576,0.0876707469830817,0.232352964814457,"chr036875.1",39898387,36875.1,"NC_","NC_036875.1",1.04561662123971e-05,1.10540007809323e-05,1,1,1
"chr036839.1_10883282",0.000253695203476131,0.246276578231493,0.0310292387002174,3.26137288042586e-06,0.451246432340395,0.668143069935047,"chr036839.1",10883282,36839.1,"NC_","NC_036839.1",1,1,1,0.0470518265459039,1
"chr036841.1_3616310",0.0890553789769426,5.14838991949555e-19,0.546639379031357,2.40080004340982e-08,0.665680814796922,0.363669706345728,"chr036841.1",3616310,36841.1,"NC_","NC_036841.1",1,7.42758213685624e-15,1,0.000346363422262735,1
"chr036842.1_1043513",0.000122242579471789,7.52357650756965e-05,0.000404395391963421,4.24826810671651e-07,3.73889616812924e-12,0.000297956166155574,"chr036842.1",1043513,36842.1,"NC_","NC_036842.1",1,1,1,0.00612897639755991,5.39410550176005e-08
"chr036842.1_4406797",0.750039270405914,0.332808700636285,0.43149625732579,9.827261458188e-07,0.00892569147595575,0.000411768280881742,"chr036842.1",4406797,36842.1,"NC_","NC_036842.1",1,1,1,0.0141777901057278,1
"chr036842.1_19256953",0.0119373758687768,0.23911971024531,0.250303328914841,1.14662310238297e-06,0.0684791458100979,0.378609069122394,"chr036842.1",19256953,36842.1,"NC_","NC_036842.1",1,1,1,0.0165423314980791,1
"chr036850.1_1903272",0.332929105827536,0.00356721444266582,0.209092482511449,1.50469254759032e-06,0.000306366857150784,0.317726876944284,"chr036850.1",1903272,36850.1,"NC_","NC_036850.1",1,1,1,0.0217081993840855,1
"chr036858.1_6605957",0.0027415867377315,0.0567085434520723,0.0302273456492079,3.58229804325756e-14,0.00702295919688209,0.766590480512133,"chr036858.1",6605957,36858.1,"NC_","NC_036858.1",1,1,1,5.16818138700768e-10,1
"chr036858.1_25995735",0.15154972931604,2.55790595795106e-14,0.0853850314810865,1.89059282552836e-07,0.995454957912536,0.136861563792247,"chr036858.1",25995735,36858.1,"NC_","NC_036858.1",1,3.69029092553599e-10,1,0.00272755826938977,1
"chr036862.1_18406246",0.272853106510174,0.0718463695268646,0.268925760730798,5.534040857367e-07,0.970344964434846,0.98492517910623,"chr036862.1",18406246,36862.1,"NC_","NC_036862.1",1,1,1,0.00798396074492337,1
"chr036866.1_35656890",0.000228124708446425,1.14995158447492e-06,0.58710575164518,2.6784498708723e-08,0.0640199740346942,0.24714715572609,"chr036866.1",35656890,36866.1,"NC_","NC_036866.1",1,0.0165903515092197,1,0.000386419962870746,1
"chr036867.1_3597100",0.0827333697009016,0.26595938113732,0.831796070601556,1.44877081704193e-08,0.029008094352847,0.031319150727441,"chr036867.1",3597100,36867.1,"NC_","NC_036867.1",1,1,1,0.000209014165774639,1
"chr036872.1_15765986",0.698956565647824,0.226412478944903,0.371735836945251,3.27462410962827e-07,0.0698771649798015,0.0599991835713914,"chr036872.1",15765986,36872.1,"NC_","NC_036872.1",1,1,1,0.00472430020296071,1
"chr036872.1_17170421",0.925655716286089,0.0922505169296917,0.698065401789047,7.44895214607478e-07,0.581862441295557,0.250871627486087,"chr036872.1",17170421,36872.1,"NC_","NC_036872.1",1,1,1,0.0107466032611421,1
"chr036875.1_2908914",0.339155242165807,2.00511673587845e-05,0.0870983510040194,1.32212448424645e-07,0.000206909508101909,0.0144268192719806,"chr036875.1",2908914,36875.1,"NC_","NC_036875.1",1,0.289278191485185,1,0.00190742899342235,1
"chr036842.1_12102239",0.125862220601829,0.000566856240062795,0.68680910563549,0.860269408011971,2.85730259820754e-06,0.991992183991263,"chr036842.1",12102239,36842.1,"NC_","NC_036842.1",1,1,1,1,0.0412223045843402
"chr036842.1_19256771",0.948199820530649,0.000210424222507614,0.000400910139172607,0.3433886790514,2.13727243017545e-09,0.00575469090369385,"chr036842.1",19256771,36842.1,"NC_","NC_036842.1",1,1,1,1,3.08344293501412e-05
"chr036842.1_45957868",0.034985168218343,3.66182355309314e-06,0.259845965446228,0.00616909983907313,6.19846819475243e-07,0.27494113115587,"chr036842.1",45957868,36842.1,"NC_","NC_036842.1",1,0.0528291284004748,1,1,0.00894253006456934
"chr036842.1_63125779",0.000300292999160542,7.27335505186952e-07,0.00501608586762986,0.0396000496065383,2.46118007654511e-06,0.00132925461045093,"chr036842.1",63125779,36842.1,"NC_","NC_036842.1",1,0.0104932693333322,1,1,0.0355074449643163
"chr036842.1_70502016",0.0394328322400719,0.0240942348420583,0.00846123387224367,0.0173092014235143,5.98906986985613e-16,0.572009811503032,"chr036842.1",70502016,36842.1,"NC_","NC_036842.1",1,1,1,1,8.64043110124144e-12
"chr036842.1_77706097",1.64950489634592e-05,0.000612860540543058,0.593093537061202,0.694900888798377,2.47655612324454e-10,0.183510734180423,"chr036842.1",77706097,36842.1,"NC_","NC_036842.1",0.237974071395826,1,1,1,3.5729275190049e-06
"chr036849.1_13305594",0.0525853215900962,0.332509856340603,0.0274534149504798,0.0060458860197724,2.24752098719824e-06,4.51765364282469e-08,"chr036849.1",13305594,36849.1,"NC_","NC_036849.1",1,1,1,1,0.0324249852823091
"chr036851.1_1577188",0.0904694476811097,0.126053423971983,6.95732303513611e-10,0.27109554246491,2.08802508749189e-06,0.0109034920924969,"chr036851.1",1577188,36851.1,"NC_","NC_036851.1",1,1,1.00373299427909e-05,1,0.0301239379372455
"chr036851.1_2675557",0.000387960324372661,0.995214258638012,0.492241819109621,0.0112969664541148,6.10057854217206e-07,0.0900889660714399,"chr036851.1",2675557,36851.1,"NC_","NC_036851.1",1,1,1,1,0.00880130466279164
"chr036851.1_2675665",0.220520957207038,0.152901154909606,0.152790819609529,0.0416145141840027,1.00369138071953e-08,0.549709206097779,"chr036851.1",2675665,36851.1,"NC_","NC_036851.1",1,1,1,1,0.000144802555496406
"chr036854.1_17101105",0.0105550126421139,3.26642843561875e-06,0.231059949009257,0.574248171991985,1.80127372932499e-06,0.335497071673607,"chr036854.1",17101105,36854.1,"NC_","NC_036854.1",1,0.0471247630406718,1,1,0.0259869760929716
"chr036854.1_27263575",0.108334633216819,0.608577885074481,1.72045115237913e-07,0.012136786253893,5.14532272254855e-08,0.00948138159895497,"chr036854.1",27263575,36854.1,"NC_","NC_036854.1",1,1,0.00248209487753737,1,0.000742315709182079
"chr036858.1_34580423",4.99796203702219e-05,0.000741484792148445,0.223667241154009,0.49585081753088,4.56298844141226e-08,0.310851625243631,"chr036858.1",34580423,36858.1,"NC_","NC_036858.1",0.721055983081191,1,1,1,0.000658302342442546
"chr036858.1_39718112",0.538413364866566,9.96099536937544e-05,3.5673966127081e-06,0.175156399969443,1.24609008744618e-07,0.482407753918694,"chr036858.1",39718112,36858.1,"NC_","NC_036858.1",1,1,0.0514668309315397,1,0.0017977341691586
"chr036859.1_35573715",0.867338624971184,0.0561242913577919,0.18327674672634,0.0232956345567645,3.37755721951828e-06,0.059763917849646,"chr036859.1",35573715,36859.1,"NC_","NC_036859.1",1,1,1,1,0.0487280180059902
"chr036860.1_24921898",0.296087818570563,6.5139287073594e-09,0.748283593188026,0.338197669300345,2.22520729673586e-06,0.066613541060163,"chr036860.1",24921898,36860.1,"NC_","NC_036860.1",1,9.39764494610741e-05,1,1,0.0321030656700082
"chr036863.1_19639857",0.289180187430547,0.000647678860219762,0.326926143666948,0.647449319584986,2.49327647350842e-06,0.254845558535027,"chr036863.1",19639857,36863.1,"NC_","NC_036863.1",1,1,1,1,0.0359704996833059
"chr036865.1_14313627",0.00319358647603573,0.000910176709486651,0.494591265494042,0.000602936341927316,2.82194437432742e-09,0.339962543412599,"chr036865.1",14313627,36865.1,"NC_","NC_036865.1",1,1,1,1,4.07121914884217e-05
"chr036867.1_10297236",0.0480663337598177,0.000824866473164964,1.48435900015452e-05,0.154486347467839,1.46263732433898e-06,0.20118916830153,"chr036867.1",10297236,36867.1,"NC_","NC_036867.1",1,1,0.214148472952293,1,0.0211014686782385
"chr036867.1_17635919",0.0207000233350937,0.0932673404640308,0.222780854535662,0.690463958064313,4.89507199192068e-07,0.979101792850438,"chr036867.1",17635919,36867.1,"NC_","NC_036867.1",1,1,1,1,0.00706212036274397
"chr036868.1_11397332",0.830887643933922,3.91902396932538e-09,0.988677411166305,0.0300577071562445,4.58163306559967e-10,0.844530244270523,"chr036868.1",11397332,36868.1,"NC_","NC_036868.1",1,5.65397588054572e-05,1,1,6.60992202374064e-06
"chr036875.1_14419125",0.116154271879867,0.00126927799644977,0.00112902155303156,0.00236036157340903,2.94099943740698e-07,0.427426742569867,"chr036875.1",14419125,36875.1,"NC_","NC_036875.1",1,1,1,1,0.00424297988834705
